complex,simple,finetuned_output,finetuned_sari,finetuned_bertscore_f1
The eight randomised clinical trials have a high risk of bias.,"Based on eight randomised clinical trials of high risk of bias, the administration of ursodeoxycholic acid to patients with primary sclerosing cholangitis did not significantly reduce mortality, hepatic decompensation, need for liver transplantation, liver histological deterioration, or radiological deterioration compared with placebo or no intervention.",The eight randomised clinical trials have a high risk of bias.,54.583651642475175,0.80007744
Statistically significant differences were not detected in any of the comparisons and outcomes.,"In each individual trial no significant differences were detected with regard to patients' survival after transplantation, HBV recurrence, or the recurrence of liver disease.",Statistically significant differences were not detected in any of the comparisons and outcomes.,42.8982128982129,0.79351234
"Our searches identified six randomised, double-blind studies involving 292 participants in suitably characterised fibromyalgia.","Six studies satisfied the inclusion criteria, randomising 292 participants to treatment with NSAID or placebo.","Our searches identified six randomised, double-blind studies involving 292 participants in suitably characterised fibromyalgia.",38.92045454545454,0.79386824
"Health workers described working on the maternity ward as stressful and intense due to short staffing, long shifts, and the unpredictability of emergencies.","Health workers described working on the maternity ward as stressful and intense due to short staffing, long shifts, and the unpredictability of emergencies.","Health workers described working on the maternity ward as stressful and intense due to short staffing, long shifts, and the unpredictability of emergencies.",100.0,1.0000002
Three eligible trials involving 569 patients were identified.,The review authors identified three eligible controlled trials in which 569 patients were randomized to Lichtenstein or preperitoneal mesh repair.,Three trials involving 569 patients were identified.,34.60648148148148,0.84511113
"There were no significant differences between people receiving supplements or dietary advice alone for change in weight, height, body mass index, z score or other indices of nutrition or growth.",There were no major differences between people receiving supplements or just dietary advice for any nutritional or growth measurements.,"There were no significant differences between people receiving supplements or dietary advice alone for change in weight, height, body mass index, z score or other indices of nutrition or growth.",45.84388737958563,0.90610236
"Three to five years after screening there was no significant difference in all-cause mortality between screened and unscreened groups for men or women (men, odds ratio (OR) 0.95; 95% Confidence interval (CI) 0.85 to 1.07; for women OR 1.06; 95% CI 0.93 to 1.21).","All-cause mortality was not significantly different between screened and unscreened groups some three to five years after screening, which is to be expected given the relative infrequency of abdominal aortic aneurysm as a cause of death.",Three to five years after screening there was no significant difference in all-cause mortality between screened and unscreened groups for men or women.,51.381651884700666,0.85027987
"The second trial randomised 81 participants with co-morbid anxiety and depression to paroxetine, paroxetine plus psychotherapy, or standard care.","One study reported that participants were less anxious when treated with an antidepressant medicine (paroxetine), or with paroxetine and psychotherapy, than with standard care.","The second trial randomised 81 participants with co-morbid anxiety and depression to paroxetine, paroxetine plus psychotherapy, or standard care.",42.349206349206355,0.8672726
"Another study evaluating cognitive behavioural therapy had inconclusive results for the assessment of coping strategies, and showed no difference between groups assessed on health service utilisation.",Another study of this therapy had inconclusive results for coping strategies and showed no difference on how different groups used the health service.,"Another study evaluating cognitive behavioural therapy had inconclusive results for the assessment of coping strategies, and showed no difference between groups assessed on health service utilisation.",49.256168611007325,0.91565984
"Prostaglandins may result in little to no difference in liver retransplantation (RR 0.98, 95% CI 0.49 to 1.96; RD 1 fewer per 1000, 95% CI 33 fewer to 62 more; 6 trials, 468 participants; low-certainty evidence); early allograft dysfunction (RR 0.62, 95% CI 0.33 to 1.18; RD 137 fewer per 1000, 95% CI 241 fewer to 47 more; 1 trial, 99 participants; low-certainty evidence); primary non-function of the allograft (RR 0.58, 95% CI 0.26 to 1.32; RD 23 fewer per 1000, 95% CI 40 fewer to 16 more; 7 trials, 624 participants; low-certainty evidence); and length of hospital stay (mean difference (MD) −1.15 days, 95% CI −5.44 to 3.14; 4 trials, 369 participants; low-certainty evidence).","– Prostaglandins may result in little to no difference in need for retransplantation (6 studies, 468 participants).",Prostaglandins may result in little to no difference in liver retransplantation (low-certainty evidence); early allograft dysfunction (low-certainty evidence); primary allograft dysfunction (low-certainty evidence); primary allograft dysfunction (low-certainty evidence).,51.68268693148587,0.83206606
"Six RCTs with a total of 1211 participants were eligible; five trials evaluated oral aciclovir, and one, with 419 participants, evaluated oral famciclovir.",They included a total of 1319 participants.,"Six trials with a total of 1211 participants were eligible; five evaluated oral aciclovir, and one, with 419 participants, evaluated oral famciclovir.",38.42097445038621,0.7799634
All trials used the LMA Classic in American Society of Anesthesiologists (ASA) physical status I or II for patients undergoing elective general anaesthesia.,All the trials were performed in individuals who were not seriously ill under elective general anaesthesia. A LMA Classic was used for all studies.,All trials used the LMA Classic in American Society of Anesthesiologists (ASA) physical status I or II for patients undergoing elective general anaesthesia.,42.871837529278544,0.83349854
Quality of life and liver decompensation were not reported in any of the trials.,Quality of life and liver decompensation were not reported in any of the trials.,Quality of life and liver decompensation were not reported in any of the trials.,100.0,0.9999999
"The study that may be able to provide answers to the question of which chemotherapeutic regimen should be selected for management of sex cord stromal tumours is an ongoing, randomised, phase 2 study, led by the Gynaecological Oncology Group to compare the efficacy of carboplatin and paclitaxel versus standard BEP.","The study that may be able to answer the question regarding best choice of chemotherapy in sex cord stromal tumours is an ongoing randomised study comparing the efficacy of two drugs (carboplatin and paclitaxel) versus standard chemotherapy (BEP - bleomycin, etoposide, cisplatin).","The study that may be able to provide answers to the question of which chemotherapeutic regimen should be selected for management of sex cord stromal tumours is an ongoing, randomised, phase 2 study, led by the Gynaecological Oncology Group to compare the efficacy of carboplatin and paclitaxel versus standard BEP.",48.90040101122739,0.89099586
Further randomised clinical trials with low risk of bias and low risk of random errors with adequate duration of follow-up are necessary.,Further randomised clinical trials at low risk of random errors or systematic errors are necessary to assess the long-term survival and other benefits of various treatment options in these patients.,Further randomised clinical trials with low risk of bias and low risk of random errors with adequate duration of follow-up are necessary.,49.443765637033366,0.8811108
A carbohydrate-rich diet resulted in better exercise performance compared with a protein-rich diet.,A diet rich in carbohydrate may be superior to a diet rich in protein.,A carbohydrate-rich diet resulted in better exercise performance compared with a protein-rich diet.,37.5,0.8858802
"The studies included in this review confirm that slow tapering with temporary substitution of long- acting opioids, can reduce withdrawal severity.","The studies included in this review confirmed that slow tapering with temporary substitution of long- acting opioids, could reduce withdrawal severity.","The studies included in this review confirm that slow tapering with temporary substitution of long-acting opioids, can reduce withdrawal severity.",26.6305442347109,0.9939832
"At this point, use of psychological interventions for the treatment of depression for which there is already an evidence-base would seem to be preferable to family therapy.","This review looks at whether family therapy is an effective intervention in treating people of any age with depression. Family therapy for depression is widely used, especially in the United Kingdom and the United States.","At this point, use of psychological interventions for the treatment of depression for which there is already an evidence-base would seem to be preferable to family therapy.",38.86300093196645,0.78393894
"The evidence in this review is therefore weak, and the exact prevalence of severe fatigue after treatment for childhood cancer remains to be determined.",The evidence to address our review question is therefore weak. The occurrence of severe fatigue after treatment for childhood cancer remains uncertain.,"The evidence in this review is therefore weak, and the exact prevalence of severe fatigue after treatment for childhood cancer remains to be determined.",52.78690020069331,0.9279843
"Participants given extended-field RT may or may not have had a lower risk of para-aortic lymph node recurrence (HR 0.44, 95% CI 0.20 to 0.99; 1 study; 389 participants; low-certainty evidence) and acute severe adverse events (RR 0.05, 95% CI 0.02 to 0.11; 1 study; 388 participants; moderate-certainty evidence).",Women given extended-field RT alone may have been less likely to experience a recurrence within the para-aortic lymph nodes and have had adverse events during or shortly after treatment.,Participants given extended-field RT may or may not have had a lower risk of para-aortic lymph node recurrence (low-certainty evidence) and acute severe adverse events (low-certainty evidence).,42.06093014128729,0.8774279
"The larger of these (CRASH-2, n = 20,211) was conducted in 40 countries and included patients with a variety of types of trauma; the other (n = 240) restricted itself to those with traumatic brain injury (TBI) only.","The largest (n = 20,211) involved patients suffering from a variety of types of trauma, and the other (n = 240) only those who had suffered traumatic brain injury.","The larger of these (CRASH-2, n = 20,211) was conducted in 40 countries and included patients with a variety of types of trauma; the other (n = 240) restricted itself to those with traumatic brain injury (TBI) only.",49.8122752853347,0.89907944
None of the observational studies reported results in favour of retaining a catheter.,No studies reported results in favour of retaining the catheter.,None of the studies reported results in favour of retaining a catheter.,59.19214291307314,0.96349514
We assessed all studies as being at an unclear or high risk of bias across multiple domains.,"We included studies evaluating these interventions using randomised controlled trials (studies where participants are randomly assigned to one of two or more treatment groups) or quasi experimental designs (where participants are assigned to different treatment groups using a method that is not truly random). We included studies that assessed child emotional and behavioural adjustment, and/or a range of parent outcomes, including parenting skills, parenting stress, depression or anxiety, mindfulness or self-compassion.",We assessed all studies as being at an unclear or high risk of bias across multiple domains.,37.5,0.76023316
"Anti-staphylococcal antibiotic prophylaxis may lead to fewer children having isolates of Staphylococcus aureus, when commenced early in infancy and continued up to six years of age.",The review found some low-quality evidence that giving regular antibiotics to young children (continued up to six years of age) may lead to fewer infections with Staphylococcus aureus.,"Anti-staphylococcal antibiotic prophylaxis may lead to fewer children having isolates of Staphylococcus aureus, when started early in infancy and continued up to six years of age.",51.033411033411035,0.86034584
All three trials are registered on the WHO trial register.,The three trials are registered on the WHO trial register.,All three trials are registered on the WHO trial register.,73.1188264779596,0.99076486
There were too few studies to permit a precise estimate of the accuracy of serum bile acid profile components.,There were too few studies to permit a precise estimate of the accuracy of serum bile acid profile components.,There were too few studies to permit a precise estimate of the accuracy of serum bile acid profile components.,100.0,1.0
"One trial, which involved 38,546 subjects and compared vaccination with placebo, met our inclusion criteria.","We identified a single high quality trial with a total of 38,546 participants, comparing vaccination with placebo.","One trial, which involved 38,546 subjects and compared vaccination with placebo, met our inclusion criteria.",40.67804053312255,0.9003554
"Though there is insufficient evidence to confirm a better functional outcome, external fixation reduces redisplacement, gives improved anatomical results and most of the excess surgically-related complications are minor.",The review found that external fixation reduced fracture redisplacement that prompted further treatment and generally improved final anatomical outcome.,"Although there is insufficient evidence to confirm a better functional outcome, external fixation reduces redisplacement, gives improved anatomical results and most of the excess surgically-related complications are minor.",37.836257309941516,0.852952
Additional trials with large sample sizes are needed to provide robust evidence for rPMS after stroke.,More trials involving larger numbers of participants are needed to determine the effects of rPMS.,Additional trials with large sample sizes are needed to provide robust evidence for rPMS after stroke.,40.57467793880837,0.88103175
"Dantrolene was reported to cause a number of adverse effects including tiredness, somnolence, dizziness and muscle weakness.","Dantrolene was reported to cause a number of side-effects including tiredness, sleepiness, dizziness and muscle weakness.","Dantrolene was reported to cause a number of adverse effects including tiredness, somnolence, dizziness and muscle weakness.",59.678260436881125,0.9617572
"Mindfulness-enhanced parenting training may improve some parent and child outcomes, with no studies reporting adverse effects.","When we combined the findings from these studies, we found that mindfulness-enhanced parent training, when compared to no intervention, may improve child emotional and behavioural adjustment, parenting skills, parenting stress, parental depression and anxiety, and mindfulness, but we are very uncertain about these results. No studies reported adverse effects or measured self-compassion.","Mindfulness-enhanced parenting training may improve some parent and child outcomes, with no studies reporting adverse effects.",43.125,0.85652536
We plan to update this review and to conduct a formal meta-analysis of outcomes based on a more homogeneous selected subsample of high-certainty studies.,We plan to update this review.,We plan to update this review and conduct a formal meta-analysis of outcomes based on a more homogeneous selected subsample of high-certainty studies.,45.60147175089704,0.86090356
"One study with 59 teachers in 43 schools found no significant effects on job-related anxiety (MD -0.25 95% CI -0.61 to 0.11, very low-quality evidence) or depression (MD -0.26 95% CI -0.57 to 0.05, very low-quality evidence) after 24 months.","In one study with 43 schools and 59 participating teachers, there was no considerable effect on anxiety or depression after two years follow-up compared to no intervention.",One study with 59 teachers in 43 schools found no significant effects on job-related anxiety or depression after 24 months.,46.424851122057255,0.90485865
Trials comparing enzyme replacement therapy to placebo show significant improvement with enzyme replacement therapy in regard to microvascular endothelial deposits of globotriaosylceramide and in pain-related quality of life.,"In summary, studies comparing enzyme replacement therapy to placebo show significant results in regard to microvascular endothelial deposits of globotriaosylceramide and in pain-related quality of life.",Trials comparing enzyme replacement therapy to placebo showed significant improvement with enzyme replacement therapy in regard to microvascular endothelial deposits of globotriaosylceramide and in pain-related quality of life.,34.06334789279854,0.975884
PFS was not reported in all of the studies but was sufficiently documented to allow firm conclusions to be drawn.,PFS was not reported in all of the studies but was sufficiently documented to allow firm conclusions to be drawn.,PFS was not reported in all of the studies but was sufficiently documented to allow firm conclusions to be drawn.,100.0,1.0
"There was a high risk of bias due to the retrospective nature of these studies where, despite statistical adjustment for important prognostic factors, selection bias was still likely to be of particular concern.",There was a high risk of bias due to the retrospective nature of these studies.,"There was a high risk of bias due to the retrospective nature of these studies where, despite statistical adjustment for important prognostic factors, selection bias was still likely to be of particular concern.",60.56660003468514,0.9194215
"All three trials measured lung function, but found no difference between groups in forced expiratory volume in one second (two trials; 44 participants; very low-certainty evidence) or vital capacity (one trial; 62 participants).","All of the trials reported lung function, but found no difference between groups.","All three trials measured lung function, but found no difference between groups in forced expiratory volume in one second (two trials; 44 participants; very low-certainty evidence) or vital capacity (one trial; 62 participants).",44.971367706930025,0.8611173
All studies were at very high risk of bias.,All studies were at very high risk of bias (low quality).,All studies were at very high risk of bias.,64.9798893916541,0.9639971
"Clindamycin and metronidazole showed identical rates of treatment failure, irrespective of regimen type, at two and four-week follow up (RR 1.01, 95% CI 0.69 to 1.46; RR 0.91, 95% CI 0.70 to 1.18, respectively).","With regard to less treatment failure, clindamycin was superior to placebo but comparable to metronidazole, irrespective of the dose regimen.","Clindamycin and metronidazole showed identical rates of treatment failure, irrespective of regimen type, at two and four-week follow up (RR 1.01, 95% CI 0.69 to 1.46; RR 0.91, 95% CI 0.70 to 1.18, respectively).",39.04766207091788,0.80354035
"This trial provided very low quality evidence that anabolic steroid may result in less dependency, assessed in terms of being either dependent in at least two functions or dead (one person in the control group died) at six and 12 months, but the result was also compatible with no difference or an increase in dependency (dependent in at least two levels of function or dead at 12 months: 1/17 versus 5/19; RR 0.22, 95% CI 0.03 to 1.73; P = 0.15).","This study provided some evidence that anabolic steroids may result in better function, but they may also make no difference or result in worse function.","This trial provided very low quality evidence that anabolic steroid may result in less dependency, assessed in terms of being either dependent in at least two functions or dead at six and 12 months, but the result was also compatible with no difference or an increase in dependency (dependent in at least two levels of function or dead at 12 months: 1/17 versus 5/19; RR 0.22, 95% CI 0.03 to 1.73; P = 0.15).",37.271757130567316,0.8053191
These findings support current national and international recommendations indicating that healthcare practitioners should refrain from using anticholinergics in children hospitalised for acute asthma.,Our findings support the ongoing recommendations provided by national and international guidelines.,These findings support current national and international recommendations indicating that healthcare practitioners should refrain from using anticholinergics in children hospitalised for acute asthma.,39.74448879778473,0.8059982
"Despite indications from observational studies in favour of early catheter removal, we found no eligible RCTs or quasi-RCTs to support these practices and therefore could draw no firm conclusions.",We found no reports on the harmful effects of removing a catheter and re-inserting a new catheter.,We found no eligible RCTs or quasi-RCTs to support these practices and therefore could draw no firm conclusions.,37.62345679012346,0.7760122
"We included 15 RCTs with a total of 17,091 participants.","We included 15 clinical trials with a total of 17,091 participants from a range of Asian, European and North American populations.","We included 15 RCTs with a total of 17,091 participants.",58.630421865715974,0.86384
"Four RCTs (215 participants) compared discontinuation to continuation of azathioprine monotherapy, while two studies (125 participants) compared discontinuation of azathioprine from a combination regimen to continuation of combination therapy.",Four of the six studies assigned patients who had been receiving azathioprine alone to either continue or discontinue therapy (215 participants).,"Four studies (215 participants) compared discontinuation to continuation of azathioprine monotherapy, while two studies (125 participants) compared discontinuation of azathioprine from a combination regimen to continuation of combination therapy.",40.6962225383278,0.85739905
Estimated costs from six individual trials ranged from 23% lower to 15% greater for the ESD group in comparison to usual care.,"When compared with usual care, costs of ESD services ranged from a reduction to a modest increase.",Estimated costs from six individual trials ranged from 23% lower to 15% greater for the ESD group in comparison to usual care.,38.63837312113174,0.84718907
"Overall, there is either no or insufficient evidence to draw definitive conclusions on the use of surgery or the best surgical intervention for distal tibial metaphyseal fractures in adults.","Overall, the evidence is of very low quality and is insufficient to draw definite conclusions about the best method of surgery, including nailing versus plating, for treating breaks of the lower end of the shin bone in adults.","Overall, there is either no or insufficient evidence to draw definitive conclusions on the use of surgery or the best surgical intervention for distal tibial metaphyseal fractures in adults.",42.59259259259259,0.8626523
"We observed a decrease in spasticity of the elbow at the end of follow-up (MD −0.41, 95% CI −0.89 to 0.07; 1 trial; 63 participants; low-certainty evidence) when comparing rPMS plus rehabilitation versus sham rPMS plus rehabilitation.",Two studies compared rPMS plus rehabilitation versus sham plus rehabilitation.,"We observed a decrease in spasticity of the elbow at the end of follow-up (MD 0.41, 95% CI 0.89 to 0.07; 1 trial; 63 participants; low-certainty evidence) when comparing rPMS plus rehabilitation versus sham rPMS plus rehabilitation.",39.7095937319228,0.82868576
"Apart from the comparison of antibiotics versus control, which included a large proportion of participants with necrotising pancreatitis, the remaining comparisons had only a small proportion of patients with this condition.","Apart from the comparison of whether antibiotics should be used, the other comparisons included only a small percentage of people with pancreatic necrosis (an extremely severe form of pancreatitis, which results in pancreatic destruction).","Apart from the comparison of antibiotics versus control, which included a large proportion of participants with necrotising pancreatitis, the remaining comparisons had only a small proportion of patients with this condition.",45.80620373303301,0.8983085
"In four of the trials (692 participants), there was some evidence for a reduction in the incidence of pain four weeks after the onset of rash.","In the other trial (419 participants), famciclovir, which is another antiviral drug, was no better than placebo in preventing pain following healing of the shingles rash.","In four of the trials (692 participants), there was some evidence for a reduction in the incidence of pain four weeks after the onset of rash.",41.260987153482084,0.82036066
One trial (77 participants) compared combination with a benzodiazepine alone.,"These comparisons involved just 166 patients and 77 patients, respectively. The trial which compared the combination of treatments with a benzodiazepine alone demonstrated no differences in response during the intervention.",One trial (77 participants) compared combination with a benzodiazepine alone.,47.56410256410257,0.8784956
Inhaled antibiotics plus intravenous antibiotics versus intravenous antibiotics alone Inhaled antibiotics plus intravenous antibiotics may make little or no difference to quality of life compared to intravenous antibiotics alone.,Inhaled antibiotics plus intravenous antibiotics versus intravenous antibiotics alone One trial found that there is likely no difference in quality of life between treatments.,Inhaled antibiotics plus intravenous antibiotics versus intravenous antibiotics alone Inhaled antibiotics plus intravenous antibiotics may make little or no difference to quality of life compared to intravenous antibiotics alone.,49.439308337613426,0.9096061
"One study found significantly harmful effects for STI incidence (n=2711), pregnancy incidence (n=1548), and frequency of vaginal sex (n=338); these effects were also offset by studies with non-significant findings.","One evaluation found several significant adverse (harmful) program effects: abstinence-only program participants were more likely than usual-care controls to report sexually transmitted infections (n=2711), pregnancy (n=1548), and increased frequency of vaginal sex (n=338). These effects were offset by high attrition and other studies showing non-significant effects.","One study found significantly harmful effects for STI incidence (n=2711), pregnancy incidence (n=1548), and frequency of vaginal sex (n=338); these effects were also offset by studies with non-significant findings.",54.75695208746056,0.9025345
We identified one trial with high risk of bias which compared percutaneous (n = 20) versus open technique (n =19) of veno-venous bypass.,We also identified one trial with high risk of systematic error and high risk of random errors which compared needle technique (percutaneous approach) (n = 20) with open technique (n =19) of veno-venous bypass.,We identified one trial with high risk of bias which compared percutaneous (n = 20) versus open technique (n =19) of veno-venous bypass.,60.523924545663675,0.95534396
"Large-volume, hypertonic nasal saline versus usual care One trial included 76 adult participants (52 intervention, 24 control) with or without polyps.Disease-specific HRQL was reported using the Rhinosinusitis Disability Index (RSDI; 0 to 100, 100 = best quality of life).","Large-volume, hypertonic nasal saline versus usual care In the small trial of 76 participants our primary outcome of 'disease-specific health-related quality of life' was reported using a 0- to 100-point scale.","Large-volume, hypertonic nasal saline versus usual care One trial included 76 adult participants (52 intervention, 24 control) with or without polyps.Disease-specific HRQL was reported using the Rhinosinusitis Disability Index (RSDI; 0 to 100, 100 = best quality of life).",45.20038441091073,0.8545692
"Although DET achieves higher live birth and clinical pregnancy rates per fresh cycle, the evidence suggests that the difference in effectiveness may be substantially offset when elective SET is followed by a further transfer of a single embryo in fresh or frozen cycle, while simultaneously reducing multiple pregnancies, at least among women with a good prognosis.","While live birth and clinical pregnancy was lower following SET compared to DET after single fresh cycle, there was no difference between overall live birth rate and CPR following consecutive SET versus a single cycle of DET. However, the multiple pregnancy rate is much lower following SET compared to DET. Most of the evidence currently available concerns younger women with a good prognosis.","Although DET achieves higher live birth and clinical pregnancy rates per fresh cycle, the evidence suggests that the difference in effectiveness may be substantially offset when elective SET is followed by a further transfer of a single embryo in fresh or frozen cycle, while simultaneously reducing multiple pregnancies, at least among women with a good prognosis.",44.929849429095064,0.8523709
"As this included only 25 people with anxiety and 17 with depression and 20 more with either anxiety or depression, but which was not specified, the results could only be reported narratively.","This included only 25 people with anxiety, 17 with depression and 20 more with either anxiety or depression but which was not specified.","As this included only 25 people with anxiety and 17 with depression and 20 more with either anxiety or depression, the results could only be reported narratively.",44.356109864551364,0.92185426
"Treatments were delivered intensively in one-hour sessions, four days a week for three weeks, in a university clinic in Australia.","Both therapies were delivered intensively in one-hour sessions, four days a week for three weeks.","Treatments were delivered intensively in one-hour sessions, four days a week for three weeks, in a university clinic in Australia.",58.37124631271622,0.9228333
Only one study included women.,Only one trial included women.,Only one study included women.,50.492424242424235,0.93502337
The available evidence from this review is of insufficient quantity and quality to draw any firm conclusions about the effects of self-management education for cystic fibrosis.,"However, due to the small number of trials in this review, and because of concerns about the quality of these trials, we are unable to reach any firm conclusions about the effects of self-management education for cystic fibrosis.",The available evidence from this review is of insufficient quantity and quality to draw any firm conclusions about the effects of self-management education for cystic fibrosis.,55.86018645184172,0.89680046
"The results for the low-dose supplementation period should be interpreted with caution, due to the lack of a wash-out period after the high-dose supplementation.",Not all outcome measures were reported after each supplementation dose and results should be viewed with some caution as some beta-carotene from the high-dose period was probably still present in the blood during the low-dose supplementation period.,"The results for the low-dose supplementation period should be interpreted with caution, due to the lack of a wash-out period after the high-dose supplementation.",44.067250603510146,0.86820316
"Thirty-two per cent (36/111) of azathioprine withdrawal participants relapsed compared to 14% (14/104) of participants who continued with azathioprine therapy (RR 0.42, 95% CI 0.24 to 0.72, GRADE low quality evidence).",Clinical relapse occurred in 13% (14/104) of patients who continued azathioprine monotherapy compared to 32% (36/111) of patients who discontinued azathioprine monotherapy.,Thirty-two per cent (36/111) of azathioprine withdrawal participants relapsed compared to 14% (14/104) of participants who continued with azathioprine therapy.,50.26355139664492,0.9236357
"Therefore, we conducted no statistical analysis.","We identified no randomized controlled trials for statistical analyses and assessments. Therefore, we can present no results on the effect of catheter removal on survival when Candida is found in the bloodstream.","Therefore, we conducted no statistical analysis.",46.56084656084656,0.83113396
"The evidence presented in this review was based on a few relatively small-sized studies that were categorised to have unclear to high risk of bias, which does not allow confident decision-making at present about the use of beta2-adrenoceptor agonists for dysmenorrhoea.",At present there is insufficient evidence to allow confident decision-making about the use of beta2-adrenoceptor agonists for dysmenorrhoea.,"The evidence presented in this review was based on a few relatively small-sized studies that were categorised to have unclear to high risk of bias, which does not allow confident decision-making at present about the use of beta2-adrenoceptor agonists for dysmenorrhoea.",47.646678379548284,0.9001706
"The one positive finding from amongst the several studies examining a number of different comparisons must be treated with appropriate caution, in particular when the clinical significance of the measure is uncertain.","One positive finding (polyps size scores) from amongst the several studies examining a number of different comparisons must be treated with appropriate caution, in particular when the clinical significance of the measure is uncertain.","The one positive finding from amongst the several studies examining a number of different comparisons must be treated with appropriate caution, in particular when the clinical significance of the measure is uncertain.",65.38683378726132,0.9687434
The patient or graft survival was not reported.,The patient or graft survival was not reported in this trial.,The patient or graft survival was not reported.,64.71250971250971,0.95163935
"Subgroup analyses for causative organisms showed that corticosteroids reduced mortality in Streptococcus pneumoniae (S pneumoniae) meningitis (RR 0.84, 95% CI 0.72 to 0.98), but not in Haemophilus influenzae (H influenzae) orNeisseria meningitidis (N meningitidis) meningitis.","An analysis for different bacteria causing meningitis showed that patients with meningitis due to Streptococcus pneumoniae (S pneumoniae) treated with corticosteroids had a lower death rate (29.9% versus 36.0%), while no effect on mortality was seen in patients with Haemophilus influenzae (H influenzae) and Neisseria meningitidis (N meningitidis) meningitis.","Subgroup analyses for causative organisms showed that corticosteroids reduced mortality in Streptococcus pneumoniae (S pneumoniae) meningitis (RR 0.84, 95% CI 0.72 to 0.98), but not in Haemophilus influenzae (H influenzae) orNeisseria meningitidis (N meningitidis) meningitis.",50.88265799760053,0.905815
One study of family psycho-education was not associated with a reduction in depression.,One education study did not show a reduction in depression.,One study of family psycho-education was not associated with a reduction in depression.,49.21294391882628,0.9154178
We mapped the range of client target populations.,"We described the different study methods, countries, the scope and type of primary healthcare integration approaches, and the different types of healthcare workers and client groups involved.",We mapped the range of client target populations.,39.285714285714285,0.816422
The evidence relating to the effectiveness of different types of surgery versus medical treatment for adults with chronic rhinosinusitis with nasal polyps is of very low quality.,"In addition, some of the treatment regimens used in the trials are no longer current standards of therapy for patients with chronic rhinosinusitis with nasal polyps.",The evidence relating to the effectiveness of different types of surgery versus medical treatment for adults with chronic rhinosinusitis with nasal polyps is of very low quality.,44.73091505579129,0.86201906
The identification of studies currently underway and those awaiting classification indicate that this is an area of research from which further evidence will emerge in the short and longer term.,This is an area of HF research from which further evidence will emerge in the short and longer term.,The identification of studies currently underway and those awaiting classification indicate that this is an area of research from which further evidence will emerge in short and longer term.,21.0093975205322,0.9106653
"Based on the GRADE approach, we judged the certainty of evidence related to the primary outcome as low, owing to the small sample size of the studies.","We classified the quality of the evidence as low for improving activities of daily living, mainly because one study had a small sample size.","Based on the GRADE approach, we judged the certainty of evidence related to the primary outcome as low, due to the small sample size of the studies.",41.368994989684644,0.87090695
"Until results of adequately-powered future trials are available, treatment needs to be selected on a pragmatic basis, based upon any available non-randomised evidence, the clinical circumstances of the individual, the known effectiveness of drugs against local strains and upon individual preference.","Until the results of large trials are available, people should choose their treatment on a practical basis, basing decisions on any available evidence, their clinical circumstances, the known effectiveness of drugs against local strains of the bug and individual preference.","Until results of adequately-powered future trials are available, treatment needs to be selected on a pragmatic basis, based on any available non-randomised evidence, the clinical circumstances of the individual, the known effectiveness of drugs against local strains and upon individual preference.",52.436649628808574,0.91260356
One study presented a prevalence for bone cancer survivors of 0.0% (17 survivors).,One study in bone cancer survivors reported no cases of severe fatigue.,One study presented a prevalence for bone cancer survivors of 0.0% (17 survivors).,41.821393762183234,0.8635043
The single large RCT (ADOPT - A Diabetes Outcomes Progression Trial) indicated increased cardiovascular risk.,The single large randomised controlled trial showed evidence of raised cardiovascular risk after rosiglitazone treatment.,The single large RCT (ADOPT - A Diabetes Outcomes Progression Trial) indicated increased cardiovascular risk.,41.48039215686274,0.8527428
Further research is required to identify clinically important differences between these devices.,We recommend further research to compare different types of percutaneous long intravenous line.,Further research is required to identify clinically important differences between these devices.,38.536953242835594,0.8042911
"Large randomised clinical trials comparing long-term combination treatment to each of the monotherapy alone, including the newer antiviral drugs, are needed.",Randomised clinical trials are needed to examine this practice.,"Large randomised trials comparing long-term combination treatment to each of the monotherapy alone, including newer antiviral drugs, are needed.",27.940115440115438,0.8304357
We identified only low- or very low-certainty evidence to judge the effectiveness of inhaled antibiotics for the treatment of pulmonary exacerbations in people with cystic fibrosis.,We graded the certainty of the evidence as very low or low.,We identified only low- or very low-certainty evidence to judge the effectiveness of inhaled antibiotics for the treatment of pulmonary exacerbations in people with cystic fibrosis.,36.77248677248677,0.7825952
We need further evaluation of the effects of organisational interventions for teacher wellbeing.,We need better-designed research in the development and testing of work changes in schools.,We need further evaluation of the effects of organisational interventions for teacher wellbeing.,38.80952380952381,0.83399636
The evidence from this review shows that ACTs may have short-term effects on increasing mucus transport in people with CF.,This review found that methods of clearing the airways may have short-term benefits for moving mucus.,The evidence from this review shows that ACTs may have short-term effects on increasing mucus transport in people with CF.,41.34057971014493,0.86592853
"There was a significant difference in the Brief Pain Inventory pain-related quality of life at over five months and up to six months, mean difference -2.10 (95% confidence interval -3.92 to -0.28) but not at other time points.",The study that reported pain and pain-related quality of life showed an improvement for participants receiving treatment over the six-month observation period.,"There was a significant difference in the Brief Pain Inventory pain-related quality of life at over five months and up to six months, mean difference -2.10 (95% confidence interval -3.92 to -0.28) but not at other time points.",38.75114230793471,0.7930798
Source of funding: seven trials were not funded or funded by agencies without vested interest in results.,Source of funding: seven trials were not funded or were funded by agencies without vested interest in results.,Source of funding: Seven trials were not funded or funded by agencies without vested interest in results.,73.37900246305419,0.99365544
"We found no information on a dose-response relationship with BtA, differences between BtA formulations or different anticholinergics, the utility of electromyography-guided injections, or the duration of treatment effect.","We found no information on the effects of different doses of BtA, different formulas of BtA or types of anticholinergics, the usefulness of guiding injections by electromyography, or how long the effects lasted.","We found no information on a dose-response relationship with BtA, differences between BtA formulations or different anticholinergics, the utility of electromyography-guided injections, or the duration of treatment effect.",45.62152321639988,0.9213601
We are also unable to say whether either treatment is better than no treatment or treatment as usual.,"We were not able to find out whether one of these treatment was better than the other, or whether either was better than no treatment or treatment as usual.",We are also unable to say whether either treatment is better than no treatment or treatment as usual.,55.192006269592476,0.9207942
"Further randomised trials are warranted on other issues, but should be preceded by research to identify priority questions.","Although other RCTs are needed to address key clinical questions on surgical methods for treating these fractures, these studies should be preceded by research to determine which questions should be prioritised.","Further randomised trials are warranted on other issues, but should be preceded by research to identify priority questions.",48.58585858585858,0.862147
"The need for coronary revascularisation might be reduced by adding ezetimibe to statin (RR 0.94, 95% CI 0.89 to 0.99; a decrease from 196/1000 to 184/1000, 95% 175 to 194; 21,323 participants; 7 studies); however, no difference in coronary revascularisation rate was observed when a sensitivity analysis was limited to studies with a low risk of bias.",Ezetimibe with statins might reduce the need for coronary revascularisation (the restoration of an adequate blood supply to the heart) by means of surgery.,"The need for coronary revascularisation might be reduced by adding ezetimibe to statin (a decrease from 196/1000 to 184/1000, 95% 175 to 194; 21,323 participants; 7 studies); however, no difference in coronary revascularisation rate was observed when a sensitivity analysis was limited to studies with a low risk of bias.",38.13809003098232,0.81199646
We found no new RCTs when we updated the searches in April 2013.,"The evidence is current to April 2013, when the searches were last updated.",We found no new RCTs when we updated the searches in April 2013.,41.38888888888889,0.83881414
"Using GRADE, we assessed the overall quality of the available evidence on cholesterol as low.",We evaluated nine randomised studies assessing the effects of whole grain diets compared to diets with refined grains or a usual diet on levels of cholesterol in the blood or blood pressure (major risk factors for cardiovascular disease including heart attacks or stroke).,"Using GRADE, we assessed the overall quality of the available evidence on cholesterol as low.",37.878787878787875,0.799097
The evidence from the 65 trials included in this review suggests that NSAIDs are effective for short-term symptomatic relief in patients with acute and chronic low-back pain without sciatica.,"This review found 65 studies (including over 11,000 patients) of mixed methodological quality that compared various NSAIDs with placebo (an inactive substance that has no treatment value), other drugs, other therapies and with other NSAIDs. The review authors conclude that NSAIDs are slightly effective for short-term symptomatic relief in patients with acute and chronic low-back pain without sciatica (pain and tingling radiating down the leg).",The evidence from the 65 trials included in this review suggests that NSAIDs are effective for short-term symptomatic relief in patients with acute and chronic low-back pain without sciatica.,57.602256881206515,0.8851472
Subgroup analyses revealed no clear subgroup effects for longer-term outcomes (four or more months) for assessment only versus alternative intervention controls; for university/college vs other settings; or for higher risk vs all/low risk participants.,"Also, there were no clear subgroup differences in effects when we examined the type of comparison group (assessment only control or alternative intervention, the setting (college/university vs other settings), or risk status (higher risk students vs all/low-risk students).",Subgroup analyses revealed no clear subgroup effects for longer-term outcomes (four or more months) for assessment only versus alternative intervention controls; for university/college vs other settings; or for higher risk vs all/low risk participants.,43.679986590132295,0.87546057
"In women who have had cancer in one breast, removing the other breast may reduce the incidence of cancer in that other breast, but there is insufficient evidence that this improves survival because of the continuing risk of recurrence or metastases from the original cancer.","However, most women also experienced reduced worry of developing and dying from breast cancer along with diminished satisfaction with body image and sexual feelings In women who have had cancer in one breast, removing the other breast (CRRM) may reduce the incidence of cancer in that other breast, but there is insufficient evidence that this improves survival because of the continuing risk of recurrence or metastases from the original cancer.","In women who have had cancer in one breast, removing the other breast may reduce the incidence of cancer in that other breast, but there is insufficient evidence that this improves survival because of the continuing risk of recurrence or metastases from the original cancer.",66.09833971902937,0.94626665
There is high quality evidence that oral aciclovir does not reduce the incidence of PHN significantly.,"We conclude that according to high quality evidence, oral aciclovir was ineffective in reducing the incidence of PHN and there is not enough evidence on other antiviral treatments.",There is high quality evidence that oral aciclovir does not reduce the incidence of PHN significantly.,49.82156771076827,0.905552
"However they caused lower rates of severe hearing loss (RR 0.67, 95% CI 0.51 to 0.88), any hearing loss (RR 0.74, 95% CI 0.63 to 0.87) and neurological sequelae (RR 0.83, 95% CI 0.69 to 1.00).","Patients treated with corticosteroids had significantly lower rates of severe hearing loss (6.0% versus 9.3%), any hearing loss (13.8% versus 19.0%) and neurological sequelae (17.9% versus 21.6%).","However they caused lower rates of severe hearing loss (RR 0.67, 95% CI 0.51 to 0.88), any hearing loss (RR 0.74, 95% CI 0.63 to 0.87) and neurological sequelae (RR 0.83, 95% CI 0.69 to 1.00).",49.27377601723479,0.80432856
"Corticosteroid therapy reduced morbidity, but not mortality, for adults and children with non-severe CAP.","People with non-severe CAP may also benefit from corticosteroid therapy, but with no survival advantage.","Corticosteroid therapy reduced morbidity, but not mortality, for adults and children with non-severe CAP.",43.02748226950355,0.86715
No randomised controlled trials or controlled trials were found that examined the efficacy of non-pharmacological swallowing therapy for the treatment of dysphagia in Parkinson's disease.,"There were no controlled trials, randomised or otherwise, in this field.",No randomised controlled trials or controlled trials were found that examined the efficacy of non-pharmacological swallowing therapy for the treatment of dysphagia in Parkinson's disease.,37.69645789350223,0.7882322
"Due to the high risk of bias in the current evidence, randomised controlled trials should be performed to determine whether it is the surgical intervention or patient-related and disease-related factors that are associated with the improved survival in these groups of women.","Due to the high risk of bias in the current evidence, randomised controlled trials should be performed to determine whether it is the surgical intervention or patient-related and disease-related factors that are associated with the improved survival in these groups of women.","Due to the high risk of bias in the current evidence, randomised controlled trials should be performed to determine whether it is the surgical intervention or patient-related and disease-related factors that are associated with the improved survival in these groups of women.",100.0,0.9999999
"In children hospitalised for an acute asthma exacerbation, no evidence of benefit for length of hospital stay and other markers of response to therapy was noted when nebulised anticholinergics were added to short-acting β2-agonists.","No apparent benefit is derived from adding anticholinergics to beta2-agonists in children hospitalised for an acute asthma exacerbation, that is, beyond initial treatment in the emergency department.","In children hospitalised for an acute asthma exacerbation, no evidence of benefit for length of hospital stay and other markers of response to therapy was noted when nebulised anticholinergics were added to short-acting 2-agonists.",47.570126945126944,0.87035036
Recurrence-free survival was not reported in one study.,Recurrence-free survival was not reported in one study.,Recurrence-free survival was not reported in one study.,100.0,1.0000001
"One study used autogenic drainage; five used conventional chest physiotherapy; nine used positive expiratory pressure (PEP), with one study varying the water pressure between arms; three studies used oscillating PEP; two used exercise; and two used high-frequency chest wall oscillation (HFCWO).","One study used autogenic drainage (a controlled breathing technique which uses different speeds and depths of exhaled breath to move mucus up the airways so it can be cleared by coughing); five studies used conventional chest physiotherapy (manual techniques of percussion and vibration applied to the chest wall, usually with the assistance of a physiotherapist or relative); nine used positive expiratory pressure (breathing out through a mask or mouthpiece against a resistance which causes pressure to build up in the lungs to move the mucus), and one of these varied pressure so used both standard and high-pressure positive expiratory pressure; three studies used oscillating positive expiratory pressure (positive expiratory pressure combined with vibrations within the airway to loosen mucus); two used exercise (on a treadmill); and two used high-frequency chest wall oscillation (high frequency vibrations applied outside the chest wall via an inflatable garment).","One study used autogenic drainage; five used conventional chest physiotherapy; nine used positive expiratory pressure (PEP), with one study varying the water pressure between arms; three used oscillating PEP; two used exercise; and two used high-frequency chest wall oscillation (HFCWO).",25.956446692350838,0.84845227
"We included a total of 84 trials (22,872 participants), with 70/84 studies reporting interventions in higher risk individuals or settings.",We found a total of 84 randomised controlled trials (studies where participants were randomly divided into one of two or more treatment or control groups) that compared MI with either no intervention or with a different approach. Seventy of these trials focused on higher risk individuals or settings.,"We included a total of 84 trials (22,872 participants), with 70/84 studies reporting interventions in higher risk individuals or settings.",50.174073199114545,0.8537773
"However, the results must be interpreted with caution although the quality of the evidence was high, because there were variations between the trials in: the intensity, duration, and amount of training; type of treatment; participant characteristics; and measurements used.",The quality of the evidence was high.,"However, the results must be interpreted with caution although the quality of the evidence was high, because there were variations between the trials in: the intensity, duration, and amount of training; type of treatment; participant characteristics; and measurements used.",48.837660126843346,0.8207709
Our review looked at one-month post-therapy outcomes only.,Our review looked at one-month post-therapy outcomes only.,Our review looked at one-month post-therapy outcomes only.,100.0,1.0
"Low-quality evidence from two trials showed that chlorhexidine skin cleansing compared to dry cord care may lead to no difference in omphalitis/infections (RR 0.88, 95% CI 0.56 to 1.39).",Chlorhexidine skin cleansing compared to dry cord care may lead to no difference in omphalitis or infections (none of the studies in this comparison reported effects of the treatments on neonatal mortality).,Low-quality evidence from two trials showed that chlorhexidine skin cleansing compared to dry cord care may lead to no difference in omphalitis/infections.,54.27274660420728,0.91084564
"This systematic literature review indicates that cardiometabolic comorbidities are common in people who are hospitalised with a COVID-19 infection, and cardiovascular complications are frequent.","We found that high blood pressure, diabetes and heart disease are very common in people hospitalised with COVID-19 and are associated with an increased risk of death.","This systematic literature review indicates that cardiometabolic comorbidities are common in people who are hospitalised with a COVID-19 infection, and cardiovascular complications are frequent.",40.913919413919416,0.85337317
"Amantadine and rimantadine have comparable efficacy and effectiveness in relieving or treating symptoms of influenza A in healthy adults, although rimantadine induces fewer adverse effects than amantadine.","The review of trials found that both drugs are similarly helpful in relieving the symptoms of influenza A in adults, but only when there is a high probability that the cause of the flu is influenza A (a known epidemic, for example).","Amantadine and rimantadine have comparable efficacy and effectiveness in relieving or treating symptoms of influenza A in healthy adults, although rimantadine induces fewer adverse effects than amantadine.",43.54341736694678,0.8100942
"Evidence for the added value of mindfulness training to skills-based parenting training programmes is suggestive at present, with moderate reductions in parenting stress.","Evidence for the added value of mindfulness training when included in a skills-based parent training programme suggests that mindfulness training may further promote reductions in parenting stress, and may also further reduce parental depression or anxiety, but we are uncertain about these results. It is unclear from the current body of evidence whether adding mindfulness training to a skills-based parent training intervention has any further effect on child emotional and behavioural adjustment, parenting skills, or mindfulness.","Evidence for the added value of mindfulness training to skills-based parenting training programmes is suggestive at present, with moderate reductions in parenting stress.",53.91369047619047,0.8662154
"Pooled data showed that the proportion of patients reporting an overall reduction in their vertigo symptoms was higher in the group treated with betahistine than the placebo group: risk ratio (RR) 1.30, 95% confidence interval (CI) 1.05 to 1.60; 606 participants; 11 studies).","When all studies are taken together, the proportion of patients reporting a reduction of their vertigo symptoms was significantly higher in the betahistine group than in the placebo group.",Pooled data showed that the proportion of patients reporting an overall reduction in their vertigo symptoms was higher in the group treated with betahistine than the placebo group.,51.423801256673265,0.93277884
We included six non-randomised studies (five retrospective) that compared laparoscopic versus open transhiatal oesophagectomy (334 patients: laparoscopic = 154 patients; open = 180 patients); five studies (326 patients: laparoscopic = 151 patients; open = 175 patients) provided information for one or more outcomes.,"Since one of the studies did not provide usable results, five studies, with 326 patients, provided information for this review; laparoscopic surgery = 151 patients and open surgery = 175 patients.",We included six non-randomised studies (five retrospective) that compared laparoscopic versus open transhiatal oesophagectomy (334 patients: laparoscopic = 154 patients; open = 180 patients); five studies (326 patients: laparoscopic = 151 patients; open = 175 patients) provided information for one or more outcomes.,40.97646180979515,0.84866524
"No specific antibiotic combination can be considered to be superior to any other, and neither is there evidence showing that the intravenous route is superior to the inhaled or oral routes.",Specific antibiotic combinations were also compared as were intravenous antibiotics with antibiotics that were breathed in (inhaled) and antibiotics that were swallowed (oral).,"No specific antibiotic combination can be considered to be superior to any other, and neither is there evidence showing that the intravenous route is superior to the inhaled or oral routes.",37.663690476190474,0.81445515
We included 10 randomised trials (836 participants) in this review.,We included 10 randomised trials (836 participants).,We included 10 randomised trials (836 participants) in this review.,68.31119162640901,0.9627578
"However, the quality of evidence available is either low or very low.",The quality of the evidence that is available is either low or very low for all the outcomes described.,"However, the quality of evidence available is either low or very low.",57.32142857142857,0.9174719
We included four RCTs with 167 participants.,We found four eligible studies with 167 participants.,We included four RCTs with 167 participants.,52.420634920634924,0.8862714
One study awaits classification and could not be included in the review.,One study awaits classification and could not be included in the review.,One study awaits classification and could not be included in the review.,100.0,1.0
"One study provided information concerning mental health outcomes, reporting an association between decreased depressive symptoms and later school start times.",One study reported that students in later starting schools reported fewer depressive symptoms than their peers in earlier starting schools.,"One study provided information about mental health outcomes, reporting an association between decreased depressive symptoms and later school start times.",38.62433862433863,0.8406966
More research is required using relatively cheap antidotes which may also be effective.,More research is required using relatively cheap antidotes which may also be effective.,More research is required using relatively cheap antidotes which may also be effective.,100.0,1.0
Large well designed placebo-controlled RCTs are required to assess the effectiveness of swallowing therapy for dysphagia in Parkinson's disease and reported according to CONSORT guidelines.,Large well designed placebo-controlled RCTs are needed to assess the effectiveness of swallowing therapy for swallowing disorders in Parkinson's disease.,Large well designed placebo-controlled RCTs are required to assess the effectiveness of swallowing therapy for dysphagia in Parkinson's disease and reported according to CONSORT guidelines.,55.71815492119098,0.9505302
"Sixteen per cent of patients from both the betahistine and the placebo groups withdrew (dropped out) from the studies (RR 0.96, 95% CI 0.65 to 1.42; 481 participants; eight studies).","Overall, 16% of patients of both groups withdrew from the studies.",Sixteen per cent of patients from both the betahistine and the placebo groups withdrew from the studies (dropped out; 481 participants; eight studies).,44.051349184029576,0.8706536
"While all trials compared external fixation versus plaster cast immobilisation, there was considerable variation especially in terms of patient characteristics and interventions.","While all trials compared external fixation versus plaster cast immobilisation, there was considerable variation in their characteristics especially in terms of patient characteristics and the method of external fixation.","While all trials compared external fixation versus plaster cast immobilisation, there was considerable variation especially in terms of patient characteristics and interventions.",63.948506893830995,0.96989846
Low dose creatine (60 mg/kg/day) did not cause side-effects but high-dose creatine (150 mg/kg/day) worsened the symptoms of myalgia.,Low dose creatine (60 mg/kg/day) did not cause any side-effects but high-dose creatine (150 mg/kg/day) worsened the symptoms of muscle pain.,Low dose creatine (60 mg/kg/day) did not cause side-effects but high-dose creatine (150 mg/kg/day) worsened the symptoms of myalgia.,64.36859732072499,0.977832
"One randomised trial with a total of 133 participants showed that there was a significant improvement in ankle brachial index (ABI) in participants who received folic acid compared with placebo (mean difference (MD) 0.07, 95% confidence interval (CI) 0.04 to 0.11, P < 0.001) and in participants who received 5-methyltetrahydrofolate (5-MTHF) versus placebo (MD 0.05, 95% CI 0.01 to 0.10, P = 0.009).",One trial showed a significant  improvement in the ankle brachial index (ABI) in participants treated daily with 400 μg folic acid or 5-methyltetrahydrofolate (5-MTHF).,"One randomised trial with a total of 133 participants showed that there was a significant improvement in ankle brachial index (ABI) in participants who received folic acid compared with placebo (mean difference) 0.07, 95% confidence interval (CI) 0.04 to 0.11, P  0.001) and in participants who received 5-methyltetrahydrofolate (5-MTHF) versus placebo (P = 0.009).",46.24432646045886,0.8718596
There is thus insufficient evidence to support or refute the use of relaxin in women in preterm labour for preventing preterm birth.,There is therefore insufficient evidence from this review to recommend relaxin as an intervention to prevent preterm birth for women in preterm labour.,There is therefore insufficient evidence to support or refute the use of relaxin in women in preterm labour for preventing preterm birth.,53.22657721971223,0.91994435
"We found no significant differences in the primary outcomes of relapse, hospitalisation and general functioning between supportive therapy and standard care.","The studies compared supportive therapy either with standard care alone or a range of other therapies such as CBT, family therapy and psychoeducation.","We found no significant differences in the primary outcomes of relapse, hospitalisation and general functioning between supportive therapy and standard care.",39.978142076502735,0.81986344
The question as to whether people with AMD should take Ginkgo biloba extract to prevent progression of the disease has not been answered by research to date.,The overall conclusion of this review is that current research has not answered the question as to whether Ginkgo biloba is of benefit to people with AMD.,The question as to whether people with AMD should take Ginkgo biloba extract to prevent progression of the disease has not been answered by research to date.,47.02041229363634,0.86845565
"Inhaled plus intravenous antibiotics may make little difference to the time to next exacerbation; however, one trial (28 participants) reported on hospital admissions and found no difference between groups.","One trial showed there to be little or no difference in the time until the next exacerbation. None of the trials reported on the need for additional antibiotics; however, one trial (28 participants) found no difference in the number of hospital admissions between groups.","Inhaled and intravenous antibiotics may make little difference to the time to next exacerbation; however, one trial (28 participants) reported on hospital admissions and found no difference between groups.",53.232512795683576,0.9054967
"Whilst some may argue that at least supplements do not do any harm, high doses of vitamin D may give rise to serious medical problems, and the cost of long-term supplements may also mount up.","People sometimes think that supplements can at least do no harm; however, high doses of vitamin D, for example, can cause serious medical problems, and the safety of dietary supplements should not be assumed. The cost of supplements can also mount up.","While some may argue that at least supplements do not do any harm, high doses of vitamin D may give rise to serious medical problems, and cost of long-term supplements may also mount up.",35.479165789699316,0.909416
Inhaled antibiotics alone versus intravenous antibiotics alone Only one trial (18 participants) reported a perceived improvement in lifestyle (quality of life) in both groups (very low-certainty evidence).,"Inhaled antibiotics alone versus intravenous antibiotics alone One trial (18 participants) reported a perceived improvement in lifestyle in both groups, but neither trial reported on time off work or school.",Inhaled antibiotics alone versus intravenous antibiotics alone Only one trial (18 participants) reported a perceived improvement in lifestyle (quality of life) in both groups (very low-certainty evidence).,56.62578338125783,0.9224154
"This update included 12 new studies, excluded one previously included study, and excluded five new trials.",We included 12 new studies in this update and excluded one previously included study.,"This update included 12 new studies, excluded one previously included study, and excluded five new trials.",52.35962867541814,0.9289876
Resistance of influenza viruses to amantadine is a serious worldwide problem as shown by recent virological surveillances.,Resistance of influenza viruses to amantadine is a serious worldwide problem as shown by recent surveys.,Resistance of influenza viruses to amantadine is a serious worldwide problem as shown by recent virological surveillances.,63.582024083888896,0.9704876
"Because of the insufficient evidence, we cannot draw firm conclusions concerning adverse effects at this time.","Again, because of the limited and very low-quality evidence, we cannot draw any firm conclusions about the adverse effects of later school start times.","Because of the insufficient evidence, we cannot draw conclusions concerning adverse effects at this time.",39.058134959669495,0.8895235
"There is moderate evidence that NSAIDs are not more effective than paracetamol for acute low-back pain, but paracetamol had fewer side effects.","The review authors also found that NSAIDs are not more effective than other drugs (paracetamol/acetaminophen, narcotic analgesics, and muscle relaxants). Placebo and paracetamol/acetaminophen had fewer side effects than NSAIDs, though the latter has fewer side effects than muscle relaxants and narcotic analgesics.","There is moderate evidence that NSAIDs are not more effective than paracetamol for acute low-back pain, but paracetamol had less side effects.",25.182581666180077,0.84527934
Further research is required.,Therefore further research is likely to have an important impact on our confidence in these results and may even change the results.,Further research is required.,50.46296296296296,0.7790657
"Extended-field radiotherapy versus pelvic radiotherapy alone Compared to pelvic RT, extended-field RT probably reduces the risk of death (hazard ratio (HR) 0.67, 95% confidence interval (CI) 0.48 to 0.94; 1 study; 337 participants; moderate-certainty evidence) and para-aortic lymph node recurrence (risk ratio (RR) 0.36, 95% CI 0.18 to 0.70; 2 studies; 477 participants; moderate-certainty evidence), although there may or may not have been improvement in the risk of disease progression (HR 0.92, 95% CI 0.69 to 1.22; 1 study; 337 participants; moderate-certainty evidence) and severe adverse events (RR 1.05, 95% CI 0.79 to 1.41; 2 studies; 776 participants; moderate-certainty evidence).","Compared with pelvic RT alone, women given extended-field RT may have been less likely to die and probably were less likely to have a cervical cancer come back (recurrence) in the para-aortic lymph nodes.","Extended-field radiotherapy versus pelvic radiotherapy alone Compared to pelvic RT, extended-field RT probably reduces the risk of death (hazard ratio (HR) 0.67, 95% confidence interval (CI) 0.48 to 0.94; 1 study; 337 participants; moderate-certainty evidence) and para-aortic lymph node recurrence (moderate-certainty evidence), although there may or may not have been improvement.",37.135113728110106,0.82316196
"When considering all studies with a cut-off of 10 μmol/L, TSBA overall sensitivity ranged from 0.72 to 0.98 and specificity ranged from 0.81 to 0.97.","When considering the studies with a cut-off of 10 μmol/L for TSBA serum concentration, TSBA overall sensitivity (the ability to correctly identify women with the disease) ranged from 72% to 98% and specificity (the ability to correctly identify women without the disease) ranged from 81% to 97%.","When considering all studies with a cut-off of 10 mol/L, TSBA overall sensitivity ranged from 0.72 to 0.98 and specificity ranged from 0.81 to 0.97.",19.827984412267018,0.85926634
Thirty-two randomized controlled trials meeting the inclusion criteria were identified.,The authors reviewed the results of all randomized trials that compared an aldose reductase inhibitor with a control and lasted at least six months.,Thirty-two randomized controlled trials meeting the inclusion criteria were identified.,37.77777777777778,0.7882617
"Adverse events at the injection site were more common among vaccine recipients than placebo recipients, but they were mild and resolved in a few days.","Non-serious adverse events were more common among vaccine recipients than placebo recipients, but serious ones were rare.","Adverse events at the injection site were more common among vaccine recipients than placebo recipients, but they were mild and resolved in a few days.",52.568474046802216,0.9116079
"In a series of pre-planned analyses, the greatest reductions in death or dependency were seen in the trials evaluating a co-ordinated ESD team with a suggestion of poorer results in those services without a co-ordinated team (subgroup interaction at P = 0.06).",The greatest reductions in disability seemed to be present in trials based around a co-ordinated ESD team.,"In a series of pre-planned analyses, the greatest reductions in death or dependency were seen in the trials evaluating a co-ordinated ESD team with a suggestion of poorer results in those services without a co-ordinated team.",43.048820324234036,0.883467
"The studies presented data on 15,077 women with a wide range of risk factors for breast cancer, who underwent RRM.","Sixty-one studies presented data on 15,077 women with a wide range of risk factors for developing breast cancer, who underwent RRM.","The studies presented data on 15,077 women with a wide range of risk factors for breast cancer, who underwent RRM.",64.40013371784917,0.9749784
The operating time was significantly shorter in the percutaneous technique group (MD -59 minutes; 95% CI -102 to -16).,The operating time was shorter in the percutaneous technique group.,The operating time was significantly shorter in the percutaneous technique group (MD -59 minutes; 95% CI -102 to -16).,57.25634222408416,0.90347886
"In addition, there is insufficient evidence to determine the effect of other antiviral treatments; therefore, further well-designed RCTs are needed to investigate famciclovir or other new antiviral agents in preventing PHN.",There need to be further well-designed trials of famciclovir or other new antiviral agents with a greater number of participants.,"In addition, there is insufficient evidence to determine the effect of other antiviral treatments; therefore, further well-designed RCTs are needed to investigate famciclovir or other new antiviral agents in preventing PHN.",43.384694218027555,0.8712272
The main outcomes will be the rates of aspiration and pneumonia.,The main outcomes in this study will be the rates of aspiration and pneumonia.,The main outcomes will be the rates of aspiration and pneumonia.,63.67724867724868,0.9617626
"We included 35 trials (13,872 adult participants).","We included 35 trials involving 13,872 adult participants, all of whom were randomized to either receive nitrous oxide or no nitrous oxide.","We included 35 trials (13,872 adult participants).",53.32190957190958,0.8518416
"Corticosteroids reduced severe hearing loss in children with H influenzae meningitis (RR 0.34, 95% CI 0.20 to 0.59) but not in children with meningitis due to non-Haemophilus species.","Corticosteroids decreased the rate of hearing loss in children with meningitis due to H influenzae (4% versus 12%), but not in children with meningitis due to other bacteria.",Corticosteroids reduced severe hearing loss in children with H influenzae meningitis but not in children with meningitis due to non-Haemophilus species.,52.405180586900876,0.9187556
"The evidence provided in this review indicates that addition of adrenaline to lidocaine may prolong the duration of anaesthesia and reduce the risk of bleeding during surgery, although the quality of the evidence is low.",The quality of evidence is low for both duration of anaesthesia and bleeding during surgery with use of adrenaline with lidocaine. Further research is needed to prove the benefits of adding adrenaline to lidocaine.,"The evidence provided in this review indicates that addition of adrenaline to lidocaine may prolong the duration of anaesthesia and reduce risk of bleeding during surgery, although the quality of the evidence is low.",38.2954759822332,0.87716424
"More independent, large, long-term trials are needed to compare RIs with ACE inhibitors, particularly assessing morbidity and mortality outcomes, but also on blood pressure-lowering effect.","More independent RCTs are needed to assess illnesses and deaths, and to see if the difference in blood pressure-lowering is real.","More independent, large, long-term trials are needed to compare RIs with ACE inhibitors, particularly assessing morbidity and mortality outcomes, but also on blood pressure-lowering effect.",40.181121560431905,0.84328204
"Additionally, due to methodological limitations in the included study, also reflected in the low-quality evidence judged following the specific evidence grading system (GRADE), no clear conclusions on β-carotene supplementation can be drawn.","This is reflected in the assessment of low-quality evidence, judged using the specific evidence grading system (GRADE).","Additionally, due to methodological limitations in the included study, also reflected in the low-quality evidence judged following the specific evidence grading system (GRADE), no clear conclusions on -carotene supplementation can be drawn.",46.99393358876118,0.8604096
COX-2 NSAIDs had statistically significantly fewer side-effects than traditional NSAIDs.,"The new COX-2 NSAIDs do not seem to be more effective than traditional NSAIDs, but are associated with fewer side effects, particularly stomach ulcers.",COX-2 NSAIDs had statistically significantly less side-effects than traditional NSAIDs.,37.544384454496814,0.8755691
Studies assessing the effect of antidotes on other cardenolides were not identified.,Studies assessing the effect of antidotes on other cardenolides were not identified.,Studies assessing the effect of antidotes on other cardenolides were not identified.,100.0,0.9999998
"No more than two trials assessed each of our secondary outcomes of quality of life, mood, sleep, activities of daily living, caregiver burden.","No more than three studies reported our secondary outcomes which were quality of life, cognition (thinking), mood, sleep, activities of daily living, and caregiver burden.","No more than two trials assessed each of our secondary outcomes of quality of life, mood, sleep, activities of daily living, caregiver burden.",56.97992584068533,0.9379009
Most of the studies originated from China (47.7%) or the USA (20.9%); 9.5% were from Italy.,Studies were mostly from China and the USA.,Most of the studies originated from China (47.7%) or the USA (20.9%); 9.5% were from Italy.,38.666666666666664,0.79597795
"We included three RCTs, involving a total of 219 adults with severe acute pancreatitis with various etiologies, including alcoholic abuse, biliary disease, high-fat diet, hyperlipidemia, etc.","We included three randomized controlled trials (experiments in which participants are randomly allocated to two or more interventions, possibly including a control intervention or no intervention, and the results are compared). We included three studies, involving a total of 219 adults with severe acute pancreatitis due to various reasons, including alcoholic abuse, biliary disease, high-fat diet, excess lipids in the blood, etc.","We included three RCTs, involving a total of 219 adults with severe acute pancreatitis with various etiologies, including alcoholic abuse, biliary disease, high-fat diet, hyperlipidemia, etc.",60.565015215441896,0.8743585
No practice recommendations could be drawn from this review.,"Hence, the aim of this review was to assess and synthesise the available literature on the management of cough in cancer patients in order to improve practice recommendations. No practice recommendations could be drawn from this review.",No practice recommendations could be drawn from this review.,66.66666666666666,0.87520015
